{"efficiency":0.05041478510524721,"p90_tokens":3291,"mean_tokens":1805.0260416666667,"_timestamp":1.7694933766292534e+09,"_runtime":295,"accuracy":0.91,"_wandb":{"runtime":295},"median_tokens":1581,"mean_thinking_tokens":1307.7725,"_step":0}