{"p90_tokens":2048,"mean_thinking_tokens":884.7425,"efficiency":0.04918886595551783,"mean_tokens":1555.23,"_step":0,"accuracy":0.765,"_runtime":205,"_wandb":{"runtime":205},"median_tokens":1634,"_timestamp":1.7694628756171753e+09}