{"_step":0,"efficiency":0.062011431989873904,"accuracy":0.85,"p90_tokens":2048,"median_tokens":1324,"_timestamp":1.7694638354692028e+09,"_wandb":{"runtime":224},"mean_thinking_tokens":842.245,"mean_tokens":1370.715,"_runtime":224}