{"_step":0,"mean_thinking_tokens":1087.525,"_wandb":{"runtime":302},"mean_tokens":1494.15,"efficiency":0.06190810828899374,"accuracy":0.925,"median_tokens":1527,"_runtime":302,"p90_tokens":2048,"_timestamp":1.7694616356998773e+09}