{"p90_tokens":1847,"_step":0,"_timestamp":1.769497221911438e+09,"_runtime":362,"mean_thinking_tokens":849.9775,"_wandb":{"runtime":362},"median_tokens":1194,"efficiency":0.06494840318873184,"accuracy":0.83,"mean_tokens":1277.9375}